,Date,stocks,bonds,cash,gold,cpi,interest_rate,gdp,portfolio,stocks_performance,bonds_performance,cash_performance,gold_performance,gdp_var,portfolio_performance
1,1979-04-01,101.76000213623048,9.350000381469728,9.5600004196167,245.3,10.4851330203443,10.01,2591.247,91.49250073432923,1.8312837240729039,4.469280231609687,2.906355854384927,4.96362858365427,2.5582499871368896,4.00716254809042
2,1979-07-01,103.80999755859376,9.010000228881836,9.18000030517578,296.5,11.2633181126332,10.47,2667.565,104.62499952316284,2.0145394844026043,-3.636365119960004,-3.974896420100322,20.872401141459434,2.9452228984732045,14.353634104905538
3,1979-10-01,101.81999969482422,10.720000267028809,12.119999885559082,382.0,12.0715350223547,13.77,2723.883,126.66499996185303,-1.9169616709087478,18.978912260906668,32.02613815519919,28.8364249578415,2.1112137848562185,21.065711387468895
4,1980-01-01,114.16000366210938,11.130000114440918,12.0,653.0,13.909224011713,13.82,2789.842,197.57250094413757,12.119430371509239,3.824625347008009,-0.9900980750178263,70.94240837696336,2.421506356917689,55.980342638960536
5,1980-04-01,106.29000091552734,10.760000228881836,10.390000343322754,518.0,14.7308781869689,17.61,2797.352,161.36000037193298,-6.893835401298389,-3.324347544965562,-13.416663805643708,-20.673813169984683,0.26919087174110246,-18.328714977619
6,1980-07-01,121.66999816894533,10.760000228881836,8.619999885559082,614.3,13.1326949384405,9.03,2856.483,188.83749957084655,14.469843937287237,0.0,-17.035615007473808,18.590733590733578,2.1138204988146185,17.028693068652842
7,1980-10-01,127.47000122070312,12.460000038146973,12.710000038146973,629.0,12.7659574468085,12.81,2985.557,195.41000032424927,4.766995265097478,15.799254396872797,47.44779822375392,2.3929676054045217,4.518633578424925,3.4805061327010947
8,1981-01-01,129.5500030517578,12.68000030517578,14.59000015258789,506.5,11.8251928020566,19.08,3124.206,165.83000087738037,1.6317579125564947,1.7656522179395182,14.791503609743572,-19.475357710651835,4.643991054265612,-15.137403100038881
9,1981-04-01,132.80999755859375,14.109999656677246,14.859999656677246,482.8,10.0,15.72,3162.532,161.14499921798705,2.5163986337642257,11.277597137894091,1.85057917248524,-4.679170779861792,1.226743691037015,-2.8251834014386645
10,1981-07-01,130.9199981689453,14.670000076293944,14.869999885559082,406.0,10.7617896009674,19.04,3260.609,141.61499953269958,-1.4230851776159312,3.968819512704158,0.0672962928188241,-15.907207953603972,3.10121763194806,-12.119519550754703
11,1981-10-01,121.88999938964844,14.630000114440918,12.75,427.0,10.1415094339623,15.08,3280.818,144.06749987602234,-6.897341052238744,-0.27266504188820306,-14.256892413414931,5.172413793103445,0.6197921921947938,1.7318083193273992
12,1982-01-01,120.4000015258789,14.140000343322754,12.520000457763672,387.0,8.39080459770114,13.22,3274.302,133.51500058174133,-1.222411905185453,-3.3492807059823377,-1.8039179783241366,-9.367681498829043,-0.1986090054370493,-7.324691067285812
13,1982-04-01,116.44000244140624,13.869999885559082,12.34000015258789,361.3,6.50953984287317,14.94,3331.972,125.98750061988831,-3.2890357427624366,-1.9094798529561103,-1.4377020654513046,-6.640826873385009,1.7612914141701026,-5.637943249114159
14,1982-07-01,107.08999633789062,13.68000030517578,10.170000076293944,342.9,6.44104803493449,12.59,3366.322,118.45999917984008,-8.029891710300006,-1.369859999646593,-17.585089541825198,-5.092720730694722,1.030921028147901,-5.974800200822415
15,1982-10-01,133.72000122070312,10.710000038146973,7.900000095367432,423.3,5.1391862955032,9.71,3402.561,143.90750033855437,24.86693976418624,-21.71052778343227,-22.320550284142413,23.44706911636048,1.0765161502672669,21.481935957201188
16,1983-01-01,145.3000030517578,10.800000190734863,8.100000381469727,499.5,3.71155885471899,8.68,3473.413,165.9250009059906,8.65988761990964,0.8403375561841955,2.531649160606662,18.001417434443653,2.082313880632853,15.299758883753967
17,1983-04-01,164.42999267578125,10.270000457763672,8.079999923706055,429.3,3.89884088514226,8.8,3578.848,153.01999826431273,13.16585631261762,-4.90740484825055,-0.24691922002159572,-14.054054054054049,3.0354869979469754,-7.777611915753155
18,1983-07-01,162.55999755859375,11.760000228881836,9.220000267028809,422.0,2.46153846153846,9.37,3689.179,151.3849995136261,-1.1372591379205943,14.50827365827223,14.108915273353986,-1.700442580945733,3.082863535975818,-1.0684869750569987
19,1983-10-01,163.5500030517578,11.739999771118164,8.510000228881836,382.0,2.85132382892057,9.48,3794.706,141.45000076293945,0.6090092938191702,-0.1700719164490465,-7.7006509499350955,-9.478672985781984,2.860446728120266,-6.562736587248466
20,1984-01-01,163.41000366210938,11.670000076293944,8.890000343322754,373.8,4.1922290388548,9.56,3908.054,139.4425010204315,-0.08560035893373197,-0.5962495416433313,4.465336124801112,-2.1465968586387447,2.9870034727327948,-1.4192292199929852
21,1984-04-01,160.0500030517578,12.81999969482422,9.720000267028809,375.8,4.56389452332656,10.29,4009.601,139.5975007534027,-2.0561780399315097,9.85432400181682,9.33633173962096,0.5350454788657117,2.598403195042849,0.11115673617219102
22,1984-07-01,150.66000366210938,12.90999984741211,10.399999618530272,342.4,4.2042042042042,11.23,4084.25,129.09250078201293,-5.866916095347932,0.7020292880679477,6.995877909675443,-8.887706226716347,1.8617563193943738,-7.525206335854634
23,1984-10-01,166.08999633789062,11.789999961853027,9.010000228881836,333.5,4.25742574257425,9.99,4148.551,130.09749913215637,10.241598500413332,-8.675444607256082,-13.365379236858772,-2.599299065420553,1.5743649384831997,0.7785102496701057
24,1985-01-01,179.6300048828125,11.170000076293944,8.050000190734863,306.7,3.53287536800785,8.35,4230.168,126.38750128746032,8.152211959458612,-5.258692854665952,-10.654828121642694,-8.035982008995504,1.9673616161401668,-2.851705735655486
25,1985-04-01,179.8300018310547,11.40999984741211,7.849999904632568,321.4,3.68574199806014,8.27,4294.887,130.12250039577484,0.11133827467892843,2.1486102907690707,-2.4844755448886247,4.792957287251369,1.52993923645586,2.955196574239949
26,1985-07-01,190.9199981689453,10.56999969482422,7.28000020980835,327.5,3.55427473583095,7.88,4386.773,134.06749951839447,6.166933339804643,-7.36196462595403,-7.261142697439283,1.8979464841319356,2.1394276496681073,3.03175785173255
27,1985-10-01,189.82000732421875,10.010000228881836,7.190000057220459,325.1,3.22886989553657,7.99,4444.094,133.03000190258027,-0.5761527630820353,-5.298008345417443,-1.236265796622277,-0.7328244274809066,1.3066780524089125,-0.7738621362680504
28,1986-01-01,211.77999877929688,9.079999923706056,6.96999979019165,350.5,3.88625592417063,8.14,4507.894,144.58249962329865,11.568849756479963,-9.290712126983294,-3.059808974658864,7.812980621347279,1.4356131981006826,8.684129561374007
29,1986-04-01,235.5200042724609,7.380000114440918,6.099999904632568,345.8,1.59027128157157,6.99,4545.34,148.7000010728836,11.209748621211531,-18.722465017062177,-12.482064730954036,-1.340941512125525,0.8306761427841849,2.847856040885219
30,1986-07-01,236.1199951171875,7.340000152587891,5.789999961853027,357.5,1.57699443413728,6.56,4607.669,151.6874988079071,0.2547515429018432,-0.5420048947527363,-5.081966354525932,3.383458646616532,1.3712725560684191,2.0090771442289537
31,1986-10-01,243.97999572753903,7.340000152587891,5.199999809265137,401.0,1.47194112235511,5.85,4657.627,164.37999892234802,3.3288161836741352,0.0,-10.18998543134822,12.167832167832174,1.084235868505317,8.367532073631438
32,1987-01-01,274.0799865722656,7.179999828338623,5.599999904632568,400.5,1.45985401459854,6.43,4722.156,171.8399965763092,12.337073273146657,-2.179840884510824,7.6923098084489965,-0.12468827930175053,1.3854479974459082,4.538263598289262
33,1987-04-01,288.3599853515625,8.210000038146973,5.53000020980835,453.3,3.77532228360957,6.37,4806.16,188.84999639987944,5.2101574280877685,14.345407164817175,-1.2499945717197534,13.18352059925094,1.7789331822159085,9.898743111308534
34,1987-07-01,318.6600036621094,8.65999984741211,6.070000171661377,462.5,3.9269406392694,6.58,4884.555,198.97250092029572,10.507705593619619,5.4811182359836295,9.764917565378212,2.029560997132137,1.6311358756262848,5.36007662874529
35,1987-10-01,251.7899932861328,8.880000114440918,5.269999980926514,468.8,4.53309156844969,7.29,5007.994,183.68499834537505,-20.984751649875093,2.540418832623331,-13.179574433453439,1.3621621621621642,2.5271288786798323,-7.6832238144529015
36,1988-01-01,257.07000732421875,8.260000228881836,5.639999866485596,458.0,4.04676258992805,6.83,5073.372,182.24250185489655,2.0969912144545617,-6.981980603252694,7.020870719131068,-2.3037542662116124,1.3054728100712794,-0.7853099074352485
37,1988-04-01,261.3299865722656,8.869999885559082,5.980000019073486,449.0,3.9041703637977,6.87,5190.036,181.29499661922455,1.657128068882102,7.384983532377248,6.028371642493525,-1.965065502183407,2.2995356934204665,-0.5199145237955634
38,1988-07-01,272.0199890136719,9.119999885559082,6.949999809265137,436.8,4.13005272407734,7.75,5282.835,181.222497177124,4.090614545089764,2.8184893261049098,16.220732225715565,-2.717149220489972,1.7880222796142533,-0.03998976444606228
39,1988-10-01,278.9700012207031,8.649999618530273,7.360000133514404,412.4,4.24978317432784,8.3,5399.509,176.84500024318694,2.554963784915799,-5.1535117645453425,5.899285402895856,-5.586080586080584,2.2085490082503156,-2.4155372551006025
40,1989-01-01,297.4700012207031,9.010000228881836,8.390000343322754,394.0,4.66724286949006,9.12,5511.253,177.21750044822693,6.631537412283976,4.161856950610243,13.994567814179163,-4.461687681862273,2.069521506492535,0.21063654868824244
41,1989-04-01,309.6400146484375,9.020000457763672,8.40999984741211,377.6,5.12382578992315,9.84,5612.463,176.16750373840333,4.091173354554513,0.11099032883240056,0.23837310215692753,-4.162436548223354,1.8364244936677636,-0.5924904183660828
42,1989-07-01,346.0799865722656,7.820000171661377,7.800000190734863,368.3,4.97890295358649,9.24,5695.365,182.49999673366545,11.768495736961441,-13.303771898031712,-7.253265966050563,-2.462923728813564,1.4771055060853087,3.5945863231765287
43,1989-10-01,340.3599853515625,7.920000076293945,7.769999980926514,375.3,4.49251247920134,8.84,5747.237,182.83749635219573,-1.6527974579970959,1.278771130913185,-0.38461806506087726,1.900624490904164,0.9107756921637105,0.18493130113466805
44,1990-01-01,329.0799865722656,8.430000305175781,7.739999771118164,415.1,5.20231213872832,8.23,5872.701,190.0874966621399,-3.3141377555430296,6.439396767284933,-0.38610308728434006,10.604849453770314,2.183031602838014,3.9652699553371065
45,1990-04-01,330.79998779296875,9.039999961853027,7.789999961853027,367.8,4.71161657189277,8.26,5960.028,178.8574969291687,0.5226696520255842,7.236057349876049,0.6459973154190379,-11.394844615755233,1.4869989124254772,-5.907805579096731
46,1990-07-01,356.1499938964844,8.359999656677246,7.489999771118164,372.3,4.82315112540193,8.15,6015.116,186.07499833106993,7.663242756641495,-7.522127301385453,-3.851093609806668,1.2234910277324644,0.9242909597068945,4.035336245793218
47,1990-10-01,304.0,8.649999618530273,7.110000133514404,379.5,6.28980891719745,8.11,6004.733,174.81499993801117,-14.642705261885212,3.468899207685979,-5.073426558289867,1.933924254633368,-0.17261512496183684,-6.051322581782131
48,1991-01-01,343.92999267578125,8.029999732971191,6.190000057220459,366.0,5.65149136577707,6.91,6035.178,181.03749811649323,13.134866011770143,-7.167629050883434,-12.93952263034906,-3.5573122529644223,0.5070167149813187,3.559476120864076
49,1991-04-01,375.3399963378906,8.020000457763672,5.510000228881836,357.8,4.88750969743985,5.91,6126.862,186.66749925613402,9.132673605386671,-0.12452397932794668,-10.985457545277768,-2.2404371584699447,1.5191598325683202,3.109853592882743
50,1991-07-01,387.80999755859375,8.199999809265137,5.53000020980835,362.9,4.44785276073618,5.82,6205.937,191.1099993944168,3.3223214531811607,2.244380813310528,0.3629760452945163,1.425377305757408,1.2906280572338602,2.3799001732953258
51,1991-10-01,392.4500122070313,7.46999979019165,4.820000171661377,357.5,2.92134831460675,5.21,6264.54,190.56000304222107,1.1964659698429898,-8.902439464067584,-12.839059877207106,-1.4880132267842328,0.9443054288176,-0.2877904630519339
52,1992-01-01,408.7799987792969,7.309999942779541,3.839999914169312,354.1,2.60029717682022,4.03,6363.102,193.50749965906144,4.16103607193952,-2.141898954564823,-20.331954825517656,-0.9510489510489464,1.5733318008983872,1.5467551268811235
53,1992-04-01,414.9500122070313,7.610000133514404,3.700000047683716,336.4,3.18047337278108,3.73,6470.763,190.66500309705737,1.5093726322617016,4.103969809619329,-3.6458299378863757,-4.99858796950015,1.6919577903984617,-1.4689335384996554
54,1992-07-01,424.2099914550781,6.71999979019165,3.180000066757202,357.9,3.15712187958885,3.25,6566.641,198.00249782800674,2.23158910124981,-11.695142282628836,-14.054053357432934,6.391200951248521,1.4817108894267932,3.848369974438498
55,1992-10-01,418.6799926757813,6.800000190734863,2.9600000381469727,339.3,3.20232896652111,3.1,6680.803,191.9349982261658,-1.303599370757027,1.1904821881092857,-6.918239748170009,-5.196982397317669,1.7385144094218106,-3.064355080566429
56,1993-01-01,438.7799987792969,6.389999866485596,2.900000095367432,330.5,3.25850832729905,3.02,6729.459,194.64249968528748,4.800804063995628,-6.029416363956884,-2.02702506778013,-2.5935750073681163,0.7282956854138547,1.410634581573973
57,1993-04-01,440.1900024414063,6.050000190734863,2.9100000858306885,354.3,3.2258064516129,2.96,6808.939,200.86250067949297,0.32134638452802733,-5.320808808368994,0.3448272460139208,7.201210287443274,1.181075625841558,3.1956027097177895
58,1993-07-01,448.1300048828125,5.829999923706055,3.0299999713897705,401.8,2.77580071174378,3.06,6882.098,214.69750119447707,1.8037670999725037,-3.6363679354212763,4.123707285899499,13.406717471069712,1.0744552124787816,6.887796611205175
59,1993-10-01,467.8299865722656,5.388000011444092,3.0299999713897705,369.6,2.75035260930886,2.99,7013.738,211.46199663877488,4.396041656394928,-7.581473722918844,0.0,-8.01393728222996,1.912788803646805,-1.5070061541011626
60,1994-01-01,481.6099853515625,5.638000011444092,2.970000028610229,377.9,2.52454417952314,3.05,7115.652,217.0294963479042,2.9455142198689117,4.6399405989049995,-1.9801961500356526,2.2456709956709915,1.4530625466762501,2.632860654692422
61,1994-04-01,450.9100036621094,7.034999847412109,3.859999895095825,376.5,2.36111111111111,3.56,7246.931,209.57625085115433,-6.374448749654334,24.778287214125,29.966325182227678,-0.3704683778777422,1.8449328325780954,-3.434208539470646
62,1994-07-01,458.260009765625,7.09499979019165,4.269999980926514,384.0,2.77008310249306,4.26,7331.075,213.4062523841858,1.630038376576664,0.8528776699492369,10.62176417029437,1.9920318725099548,1.1610984015164547,1.8274978760602067
63,1994-10-01,472.3500061035156,7.793000221252441,5.019999980926514,383.9,2.60809883321896,4.76,7455.288,217.26575157642364,3.074672901328853,9.837920390437915,17.56440288876216,-0.026041666666671404,1.6943354146561092,1.8085220789547236
64,1995-01-01,470.4200134277344,7.592999935150146,5.840000152587891,374.9,2.80437756497949,5.53,7522.289,214.6882533788681,-0.408593765394869,-2.566409347158384,16.334664836194563,-2.3443605105496204,0.8987043827146692,-1.1863343296648878
65,1995-04-01,514.7100219726562,7.046000003814697,5.690000057220459,389.8,3.05291723202172,6.05,7580.997,229.31150550842284,9.414992406934601,-7.204002844820678,-2.56849471657911,3.9743931715124035,0.7804539283188916,6.811389025438913
66,1995-07-01,562.0599975585938,6.428999900817871,5.420000076293945,383.4,2.76280323450136,5.85,7683.125,239.3272493839264,9.199349840608477,-8.756742870604356,-4.745166576648643,-1.6418676244227868,1.3471579002075913,4.36774589800757
67,1995-10-01,581.5,6.002999782562256,5.309999942779541,382.7,2.80936454849497,5.76,7772.586,243.87824993133546,3.458705925674721,-6.626226859972746,-2.029522730000025,-0.1825769431403188,1.1643829821850034,1.901580601090842
68,1996-01-01,636.02001953125,5.580999851226807,4.909999847412109,405.6,2.72787757817697,5.56,7868.468,263.0277548074722,9.375755723344795,-7.029817534914642,-7.532958562670913,5.983799320616683,1.233592011719125,7.852075731037232
69,1996-04-01,654.1699829101562,6.632999897003174,5.010000228881836,391.3,2.89664252797894,5.22,8032.84,264.2782457590103,2.8536780009350764,18.849669840881973,2.0366677103347257,-3.525641025641022,2.0889962315408894,0.4754216726875029
70,1996-07-01,639.9500122070312,6.789999961853027,5.179999828338623,385.3,2.95081967213114,5.4,8131.408,259.3050029993057,-2.1737424636736904,2.3669541276608186,3.393205422961202,-1.533350370559674,1.2270629067677277,-1.8818207096166333
71,1996-10-01,705.27001953125,6.348999977111816,5.010000228881836,379.5,2.99284320104101,5.24,8259.771,274.0322549343109,10.207048375379514,-6.494845172589066,-3.281845658116765,-1.5053205294575633,1.5786072965469344,5.679509367215957
72,1997-01-01,786.1599731445312,6.502999782562256,5.010000228881836,345.5,3.0440414507772,5.25,8362.655,285.79324328899384,11.469359447186463,2.4255757758010645,0.0,-8.959156785243735,1.2456035403402836,4.2918262879317695
73,1997-04-01,801.3400268554688,6.702000141143799,5.099999904632568,340.2,2.49520153550862,5.51,8518.825,288.3355067253113,1.9309115484752226,3.0601317120625,1.7964006315189067,-1.5340086830680235,1.8674691231433087,0.8895463752257768
74,1997-07-01,954.3099975585938,6.004000186920166,5.099999904632568,326.4,2.22929936305732,5.52,8662.823,322.95349941253664,19.089271167870294,-10.414800649414914,0.0,-4.0564373897707355,1.6903504884769944,12.006149738680946
75,1997-10-01,914.6199951171876,5.818999767303467,5.059999942779541,311.4,2.08464939987364,5.5,8765.907,309.22474870681765,-4.159026159523094,-3.081286040259073,-0.784312992176595,-4.595588235294116,1.1899585158325294,-4.250999209078714
76,1998-01-01,980.280029296875,5.51200008392334,5.039999961853027,304.9,1.5713387806411,5.56,8866.48,323.93300733566286,7.17894147626572,-5.275815357566017,-0.3952565445193983,-2.0873474630700173,1.1473199521738024,4.756494650041859
77,1998-04-01,1111.75,5.666999816894531,4.849999904632568,310.7,1.43570536828965,5.45,8969.699,358.2417499303818,13.41147088321533,2.812041556807543,-3.7698424337011858,1.9022630370613314,1.1641485685413073,10.59130802288631
78,1998-07-01,1120.6700439453125,5.49399995803833,4.949999809265137,288.9,1.6822429906542,5.54,9121.097,355.003510928154,0.8023426080784759,-3.052759210269457,2.0618537443073137,-7.016414547795307,1.6878827260535587,-0.9039256320228048
79,1998-10-01,1098.6700439453125,4.603000164031982,4.210000038146973,292.3,1.4851485148515,5.07,9293.991,349.94576103687285,-1.9631112760495597,-16.21768840210339,-14.949490901657683,1.1768778123918366,1.895539538719973,-1.4247041889973673
80,1999-01-01,1279.6400146484375,4.652999877929688,4.360000133514404,285.4,1.67079207920794,4.63,9411.682,393.5132536649704,16.471730680238068,1.0862418447951825,3.562947601146675,-2.3605884365378103,1.2663128251361684,12.449784360584658
81,1999-04-01,1335.1800537109375,5.349999904632568,4.429999828338623,286.6,2.27692307692307,4.74,9526.21,407.89001336097715,4.340286207583063,14.979584031560393,1.6054975385469703,0.4204625087596412,1.2168706932512094,3.653437225330862
82,1999-07-01,1328.719970703125,5.9070000648498535,4.619999885559082,255.6,2.14460784313725,4.99,9686.626,398.71174266338346,-0.4838360931065182,10.411218133573769,4.288940509772317,-10.816468946266582,1.683943562025192,-2.2501827445995985
83,1999-10-01,1362.9300537109375,6.002999782562256,4.960000038146973,299.1,2.56097560975609,5.2,9900.169,418.24826338291166,2.574664621749406,1.6251856552983241,7.359310844371294,17.018779342723022,2.2045137285160052,4.899911045765748
84,2000-01-01,1394.4599609375,6.666999816894531,5.53000020980835,283.3,2.73889227023737,5.45,10002.179,422.4892402410507,2.313391442261775,11.061137071187119,11.491938856402228,-5.282514209294547,1.0303864509787672,1.013985527121335
85,2000-04-01,1452.4300537109375,6.214000225067139,5.650000095367432,275.1,3.06859205776174,6.02,10247.72,434.848513507843,4.1571715500862325,-6.794654331315073,2.169979765032238,-2.894458171549587,2.454875082719468,2.925346278579937
86,2000-07-01,1430.8299560546875,6.02899980545044,6.019999980926514,276.8,3.65926814637075,6.54,10318.165,429.9197389602661,-1.4871695611821139,-2.9771550195703327,6.54867043033245,0.6179571065067222,0.6874212019844634,-1.1334463369363732
87,2000-10-01,1429.4000244140625,5.756999969482422,6.150000095367432,264.5,3.44827586206897,6.51,10435.744,426.4517561197281,-0.09993721717764004,-4.51152504138615,2.159470346392098,-4.443641618497125,1.1395340159805443,-0.8066582029764788
88,2001-01-01,1366.010009765625,5.178999900817871,4.840000152587891,264.5,3.73222748815164,5.98,10470.231,410.1322524547577,-4.434728806893801,-10.039952609492815,-21.30081174740657,0.0,0.33046996936680273,-3.8268112232579483
89,2001-04-01,1249.4599609375,5.3379998207092285,3.829999923706055,263.2,3.26911850554583,4.8,10599.0,380.45699017047883,-8.532151887241454,3.070089263107505,-20.867772666118626,-0.4914933837429203,1.2298582524110486,-7.235534905305315
90,2001-07-01,1211.22998046875,5.037000179290772,3.440000057220459,265.9,2.7199074074074,3.77,10598.02,371.40174517631533,-3.059720332299804,-5.638809507836669,-10.182764340846703,1.0258358662613887,-0.009246155297674363,-2.3800968908748246
91,2001-10-01,1059.780029296875,4.263000011444092,2.009999990463257,278.8,2.12643678160919,2.49,10660.465,336.2132573246956,-12.503814602843903,-15.366292243326114,-41.56976869101133,4.851447912749165,0.5892138342822477,-9.474507944197924
92,2002-01-01,1130.199951171875,5.025000095367432,1.7200000286102295,282.3,1.14220445459737,1.73,10783.5,354.81123782396315,6.644767775226043,17.874738021997146,-14.427858867113201,1.2553802008608272,1.1541241399882551,5.531602366680843
93,2002-04-01,1076.9200439453125,5.091000080108643,1.7300000190734863,308.2,1.63934426229508,1.75,10887.46,347.98526101112367,-4.7142018694407,1.3134325072362998,0.5813947847045569,9.17463691108749,0.964065470394587,-1.923833319007258
94,2002-07-01,911.6199951171876,4.465000152587891,1.6649999618530271,304.7,1.46478873239436,1.73,10984.04,305.6124988079071,-15.349333477213932,-12.296207379108765,-3.7572286996430506,-1.1356262167423807,0.8870755897151525,-12.176596813352418
95,2002-10-01,885.760009765625,3.91100001335144,1.4170000553131104,316.9,2.02588632526732,1.75,11061.433,301.9970024585724,-2.836706685907913,-12.40761747601185,-14.894889622934912,4.003938299967174,0.7045950306080471,-1.1830328809971888
96,2003-01-01,855.7000122070312,3.974999904632568,1.1480000019073486,367.5,2.5974025974026,1.24,11174.129,307.0807530283928,-3.393695496204188,1.636407339878403,-18.983771552946166,15.967182076364779,1.0188191710784622,1.6833778244265147
97,2003-04-01,916.9199829101562,3.857000112533569,1.10099995136261,336.8,2.22469410456062,1.26,11312.766,314.6694957435131,7.154373008038846,-2.9685483001264714,-4.094081051101924,-8.35374149659863,1.2406962547147913,2.471253128136823
98,2003-07-01,990.3099975585938,4.473999977111816,0.9269999861717224,354.8,2.10993892282067,1.01,11566.669,337.6277493804693,8.003971558729631,15.996884795861604,-15.803812250449539,5.344418052256543,2.244393634589457,7.295989585107236
99,2003-10-01,1050.7099609375,4.301000118255615,0.9319999814033508,386.3,2.04081632653061,1.01,11772.234,360.56074025928973,6.099096598823593,-3.8667827389637353,0.5393738194406268,8.87824126268319,1.7772186616561925,6.792389227751954
100,2004-01-01,1131.1300048828125,4.138000011444092,0.8970000147819519,399.8,1.92625206384149,1.0,11923.447,383.9912512272596,7.653876610587901,-3.7898187009962783,-3.7553613004045303,3.494693243593062,1.2844885686098308,6.498353356807598
101,2004-04-01,1107.300048828125,4.500999927520752,0.9520000219345092,388.5,2.28509249183896,1.0,12112.815,375.31326219439507,-2.106738920532507,8.77235174172894,6.1315503061532155,-2.8264132066033056,1.5881984463050003,-2.2599444662161403
102,2004-07-01,1101.719970703125,4.474999904632568,1.4119999408721924,391.4,2.99075584556824,1.26,12305.307,374.75174263715746,-0.503935507896486,-0.5776499290571024,48.319318102844335,0.7464607464607411,1.5891599103924392,-0.14961356653225266
103,2004-10-01,1130.199951171875,4.02899980545044,1.8669999837875368,425.6,3.18918918918919,1.76,12527.214,390.4239877402782,2.585047128679534,-9.966482875685074,32.223800422703334,8.737864077669926,1.8033438743137395,4.182033949417814
104,2005-01-01,1181.27001953125,4.132999897003174,2.421999931335449,422.2,2.96976241900649,2.28,12767.286,402.50625483989717,4.518675505729902,2.5812880758157917,29.72683194254762,-0.7988721804511414,1.9164037590481087,3.094652859203009
105,2005-04-01,1156.8499755859375,4.201000213623047,2.836999893188477,435.7,3.51063829787233,2.79,12922.656,399.89699392318727,-2.0672702719571987,1.6453016770985158,17.13459841529408,3.197536712458543,1.2169383532255864,-0.6482535079480414
106,2005-07-01,1234.1800537109375,4.285999774932861,3.3320000171661377,429.0,3.16789862724393,3.26,13142.642,417.6995133757591,6.684538164582037,2.02331723369538,17.44801348657559,-1.5377553362405365,1.7023280663046307,4.451776263162259
107,2005-10-01,1207.010009765625,4.559000015258789,3.805000066757202,470.8,4.34782608695652,3.78,13324.204,421.54350246191024,-2.20146516414826,6.369581303354238,14.195679686501038,9.743589743589752,1.381472614106059,0.920276170562147
108,2006-01-01,1280.0799560546875,4.526999950408936,4.369999885559082,568.8,3.98531725222863,4.29,13599.16,464.44423897266387,6.053797872252204,-0.7019097333351567,14.848878025996967,20.815632965165662,2.0635829352357575,10.177060317666744
109,2006-04-01,1310.6099853515625,5.068999767303467,4.650000095367432,644.0,3.54573484069888,4.79,13753.424,491.08224630355835,2.3850095576038086,11.972604878106296,6.407327623362804,13.22081575246132,1.1343641813170962,5.735458661262953
110,2006-07-01,1276.6600341796875,4.98799991607666,4.934999942779541,632.5,4.1453428863869,5.24,13870.188,479.7707585096359,-2.5903931414629255,-1.5979454516703555,6.129028850903467,-1.7857142857142918,0.8489813154891408,-2.3033795009014284
111,2006-10-01,1377.93994140625,4.605999946594238,4.940000057220459,603.8,1.30522088353415,5.25,14039.56,497.82148535251616,7.933193216284835,-7.658379629302132,0.10131944273339855,-4.537549407114625,1.221122597617267,3.7623649467410445
112,2007-01-01,1438.239990234375,4.826000213623047,4.974999904632568,650.5,2.07564296520424,5.25,14215.651,524.6352475881577,4.376101382661574,4.776384489354598,0.7084989272611892,7.7343491222259075,1.254248708648987,5.386220367056723
113,2007-04-01,1482.3699951171875,4.630000114440918,4.724999904632568,677.0,2.57369727047146,5.25,14402.082,542.1812487840652,3.06833387907821,-4.061336313845388,-5.025125724469021,4.073789392774785,1.3114489093746045,3.344419056205197
114,2007-07-01,1455.27001953125,4.770999908447266,4.809999942779541,665.5,2.35823095823096,5.26,14564.117,532.5877548456192,-1.8281519239597799,3.0453518471105667,1.7989426425942412,-1.698670605612989,1.1250803876828428,-1.7694256228818546
115,2007-10-01,1549.3800048828125,4.474999904632568,3.819999933242798,789.5,3.53617443012883,4.76,14715.058,586.793751180172,6.466840111354429,-6.204150272369873,-20.58212102523757,18.632607062359114,1.03638964174759,10.177852540050509
116,2008-01-01,1378.550048828125,3.638999938964844,1.870000004768372,923.3,4.28029404790135,3.94,14706.538,576.8397621929646,-11.025697731758726,-18.681563876734117,-51.04711943853546,16.947435085497148,-0.057899873721183326,-1.6963352058858305
117,2008-04-01,1385.5899658203125,3.759000062942505,1.340000033378601,871.0,3.93688977482752,2.28,14865.701,565.4222414791584,0.5106754737103785,3.297612695530745,-28.342244387075255,-5.664464421098231,1.0822601485135408,-1.9793227620787377
118,2008-07-01,1267.3800048828125,3.9790000915527344,1.6349999904632568,918.0,5.60012290025396,2.01,14898.999,547.7485012412071,-8.531381133921244,5.852621040873714,22.014921622118138,5.3960964408725545,0.22399212791917478,-3.1257596432210306
119,2008-10-01,968.75,3.9700000286102295,0.4350000023841858,730.8,3.65518627713749,0.97,14608.208,425.9887500077486,-23.562783358762644,-0.22618906095559055,-73.39449511183581,-20.392156862745097,-1.9517485704912048,-22.229134531185196
120,2009-01-01,825.8800048828125,2.844000101089477,0.2199999988079071,919.5,0.0298465036952666,0.15,14430.901,437.11100124567747,-14.747870463709674,-28.36271837294997,-49.42528790756045,25.821018062397386,-1.2137491470548696,2.6109260485697234
121,2009-04-01,872.8099975585938,3.124000072479248,0.125,883.3,-0.736885715216724,0.15,14381.236,439.83974940776824,5.682422676214372,9.845286970366445,-43.181817873942954,-3.936922240348011,-0.344157305216072,0.6242689281016567
122,2009-07-01,987.47998046875,3.500999927520752,0.1749999970197677,939.0,-2.09716135367605,0.16,14448.882,482.53899509832263,13.138023536727218,12.067856795608577,39.99999761581415,6.305898335786253,0.47037681601219106,9.707909698486247
123,2009-10-01,1036.18994140625,3.3919999599456787,0.0450000017881393,1040.0,-0.182848277486101,0.12,14651.248,519.906735341996,4.93275427359832,-3.1133953108151644,-74.28571282600869,10.756123535676252,1.4005651094665978,7.743983517033541
124,2010-01-01,1073.8699951171875,3.608999967575073,0.0700000002980232,1078.5,2.62570864295763,0.11,14764.611,539.0122487712651,3.6364041190942658,6.3974059608440825,55.55555003660726,3.70192307692308,0.7737429603266577,3.6747962914351433
125,2010-04-01,1186.68994140625,3.663000106811523,0.1550000011920929,1179.3,2.23644719564809,0.2,14980.193,592.4519853785634,10.505922206789194,1.496263223098154,121.42857218883483,9.346314325452013,1.4601265146775546,9.914382600603204
126,2010-07-01,1101.5999755859375,2.907000064849853,0.1400000005960464,1169.0,1.23519277830146,0.18,15141.605,568.4117439128458,-7.170362101449953,-20.63882118255613,-9.67741966495656,-0.8733994742643887,1.077502806539286,-4.057753549489149
127,2010-10-01,1183.260009765625,2.611999988555908,0.1099999994039535,1346.8,1.17218760552695,0.19,15309.471,633.1955024383963,7.412857297518798,-10.147921214758611,-21.428572188834764,15.209580838323362,1.1086407286413902,11.39732935135902
128,2011-01-01,1286.1199951171875,3.378000020980835,0.1449999958276748,1327.0,1.63184685744875,0.17,15351.444,654.160748783499,8.692931773460046,29.326188199886758,31.818178739429527,-1.470151470151464,0.2741636206763758,3.311022624823906
129,2011-04-01,1363.6099853515625,3.2960000038146973,0.0399999991059303,1535.5,3.16363085927646,0.1,15557.535,725.6114963386208,6.025098010183299,-2.427472369947708,-72.41379292626443,15.712132629992468,1.342486087953688,10.92250607942988
130,2011-07-01,1292.280029296875,2.805000066757202,0.0900000035762786,1628.5,3.62871598222108,0.07,15647.681,730.9187573418021,-5.230964632185305,-14.896842733289617,125.00001396983888,6.056659068707276,0.5794362667350725,0.7314190899622304
131,2011-10-01,1253.300048828125,2.174999952316284,0.0049999998882412,1722.0,3.5251999213574,0.07,15842.267,744.3700121950824,-3.016372580636329,-22.45989659348733,-94.44444478937882,5.74147988946882,1.2435452895543904,1.8403214746054175
132,2012-01-01,1312.4100341796875,1.7990000247955322,0.0549999997019767,1744.0,2.92521671215085,0.08,16068.824,764.5660085510463,4.7163474865282495,-17.287353368459975,1000.0000186264706,1.2775842044134578,1.4300794198204017,2.7131663050755606
133,2012-04-01,1397.9100341796875,1.9149999618530276,0.0900000035762786,1651.3,2.30273981129894,0.14,16207.13,762.8037585362792,6.514732269129681,6.448023093867363,63.6363710253693,-5.315366972477065,0.8607101552671139,-0.23049023826035864
134,2012-07-01,1379.3199462890625,1.4919999837875366,0.1000000014901161,1622.0,1.40845070422536,0.16,16319.54,750.727986568585,-1.3298486623664445,-22.08877214055815,11.111108351637029,-1.77435959547023,0.693583626465653,-1.583077145669293
135,2012-10-01,1412.1600341796875,1.6859999895095823,0.1049999967217445,1719.0,2.16234359887113,0.16,16420.386,783.2377585414797,2.380889798554591,13.002681489953119,4.999995157122655,5.980271270036994,0.6179463391737556,4.330432933703435
136,2013-01-01,1498.1099853515625,1.9850000143051147,0.0649999976158142,1664.8,1.59486466812257,0.14,16629.05,791.2399963408709,6.08641719717005,17.73428390604583,-38.095238433132906,-3.1529959278650495,1.2707618444536024,1.021686928665531
137,2013-04-01,1597.5699462890625,1.6749999523162842,0.0450000017881393,1469.0,1.06308538148945,0.15,16699.551,767.0724865607917,6.639029304257633,-15.61713147379254,-30.769225478877544,-11.761172513214802,0.4239628842296952,-3.0543842439516453
138,2013-07-01,1685.72998046875,2.5929999351501465,0.0299999993294477,1314.5,1.9606816118444,0.09,16911.068,750.7132451008074,5.518383366216369,54.805970684620036,-33.333337472544656,-10.517358747447247,1.2666029164496706,-2.132685208582018
139,2013-10-01,1756.5400390625,2.5420000553131104,0.032999999821186,1324.0,0.963612704643408,0.09,17133.114,770.7787597794086,4.200557587168262,-1.9668291983232535,10.000001862645163,0.7227082540889995,1.3130217441027554,2.6728600846661124
140,2014-01-01,1782.5899658203125,2.6679999828338623,0.0099999997764825,1251.0,1.57894736842106,0.07,17144.281,759.0669914507307,1.4830249341606816,4.956724027499362,-69.69697021009527,-5.513595166163142,0.06517787717980639,-1.5194721157118636
141,2014-04-01,1883.949951171875,2.6480000019073486,0.0199999995529651,1288.5,1.95285789851675,0.09,17462.703,793.7794877933338,5.6861077025595534,-0.7496244773311531,100.00000000000102,2.997601918465236,1.8573074018094076,4.573047798621914
142,2014-07-01,1930.6700439453125,2.555999994277954,0.0179999992251396,1285.3,1.9923286357643,0.09,17743.227,804.636010984704,2.479900951953425,-3.4743205273084214,-10.000001862644993,-0.24835079549863792,1.606417975498971,1.367700143216183
143,2014-10-01,2018.050048828125,2.3350000381469727,0.003000000026077,1164.3,1.66434021563205,0.09,17852.54,796.1720122165746,4.525890125909456,-8.646320681757743,-83.33333247099775,-9.414144557690804,0.6160829707020099,-1.0519040476166737
144,2015-01-01,1994.989990234375,1.6749999523162842,0.0049999998882412,1260.3,-0.0893483130696457,0.11,17991.348,814.2424975466449,-1.142690123425865,-28.265527839325273,66.66666149265114,8.245297603710384,0.7775252148993985,2.2696710073695385
145,2015-04-01,2085.510009765625,2.0460000038146973,0.0049999998882412,1180.3,-0.199517446176685,0.12,18193.707,816.965252442332,4.537367103311411,22.149257436418026,0.0,-6.347694993255573,1.1247573000088522,0.3343911554470509
146,2015-07-01,2103.840087890625,2.2049999237060547,0.0579999983310699,1098.4,0.169569779643243,0.13,18306.96,801.1257719531656,0.8789254445755574,7.771257067199784,1059.9999925494394,-6.9389138354655415,0.6224844667444671,-1.938819361265871
147,2015-10-01,2079.360107421875,2.151000022888184,0.0680000036954879,1142.4,0.17057443573555,0.12,18332.079,805.9947768621147,-1.1635856075589004,-2.4489751785165765,17.24138905545645,4.005826656955563,0.13721011025316443,0.6077703501010063
148,2016-01-01,1940.239990234375,1.930999994277954,0.3000000119209289,1111.8,1.37308681383098,0.34,18425.306,763.5677475601435,-6.690525450158319,-10.22780224403867,341.1764641430971,-2.678571428571445,0.5085457028632732,-5.263933529091517
149,2016-04-01,2065.300048828125,1.819000005722046,0.1930000036954879,1285.7,1.12511041889441,0.37,18611.617,838.2530122093856,6.445597411825489,-5.800102997814221,-35.6666679912143,15.64130239251665,1.0111690953734893,9.781092101897528
150,2016-07-01,2173.60009765625,1.4579999446868896,0.2399999946355819,1342.0,0.827138870498699,0.39,18775.459,879.3245243988931,5.243792488630206,-19.84607256182271,24.352326445677065,4.378937543750467,0.8803211456586553,4.899655783073811
151,2016-10-01,2126.14990234375,1.8339999914169312,0.2949999868869781,1272.0,1.63598752091762,0.4,18968.041,850.0697255805135,-2.1830232416563007,25.788755898121025,22.916663950309115,-5.216095380029799,1.0257112755539026,-3.326962686316321
152,2017-01-01,2278.8701171875,2.450999975204468,0.5,1212.8,2.50004220905299,0.65,19148.194,873.6552792906762,7.18294672804582,33.64231116003705,69.49153295778368,-4.654088050314471,0.9497712494400474,2.7745434286647708
153,2017-04-01,2384.199951171875,2.282000064849853,0.7799999713897705,1266.5,2.1996898784173,0.9,19304.506,913.4404878020287,4.622020061168271,-6.89514125109352,55.9999942779541,4.427770448548813,0.816327639045241,4.553879482494992
154,2017-07-01,2470.300048828125,2.2920000553131104,1.0529999732971191,1267.6,1.7279784563725,1.15,19561.896,935.3112622141838,3.611278391895368,0.4382116642891276,35.000001528324276,0.08685353335964408,1.333315651796525,2.3943294285960377
155,2017-10-01,2575.260009765625,2.375999927520752,1.1230000257492063,1270.2,2.04112870197618,1.15,19894.75,962.2397524297237,4.248874989388085,3.6649158019399124,6.647678464122393,0.2051120227201153,1.7015426316549167,2.879093976885457
156,2018-01-01,2823.81005859375,2.720000028610229,1.4299999475479126,1345.1,2.07050762027518,1.41,20155.486,1043.2650146424771,9.651454528303944,14.478119174373276,27.337481278675142,5.896709179656739,1.310576910994115,8.420485851697464
157,2018-04-01,2648.050048828125,2.936000108718872,1.7630000114440918,1313.2,2.46274394333479,1.69,20470.197,991.487262237072,-6.224215018667124,7.941179332229908,23.286718609129323,-2.371570886922896,1.5614160829463515,-4.9630488589852035
158,2018-07-01,2816.2900390625,2.96399998664856,1.9850000143051147,1221.0,2.94951508664711,1.91,20687.278,1010.5597597658634,6.3533538691547164,0.9536742810921055,12.592172513894681,-7.021017362168749,1.0604734287608295,1.9236250686426928
159,2018-10-01,2711.739990234375,3.1589999198913574,2.2780001163482666,1215.0,2.52246992860703,2.19,20819.269,983.0442475676537,-3.71233244367572,6.57894514578885,14.760710324010844,-0.4914004914004977,0.6380298074981141,-2.7227991152729913
160,2019-01-01,2704.10009765625,2.634999990463257,2.3399999141693115,1323.3,1.5512351381991,2.4,21013.085,1008.0937743902207,-0.2817339643785175,-16.587525885284663,2.7216766749087498,8.913580246913583,0.9309452699804126,2.548158629130583
161,2019-04-01,2945.830078125,2.509000062942505,2.368000030517578,1282.3,1.99643977553026,2.42,21272.448,1058.251769554615,8.939387291109028,-4.7817809478853235,1.196586212619863,-3.098314819013069,1.2342928227816259,4.975528709591927
162,2019-07-01,2980.3798828125,2.0209999084472656,2.0299999713897705,1427.6,1.81146480639351,2.4,21531.839,1103.0077206730843,1.172837664468787,-19.44998574144803,-14.273650961648443,11.331201746861112,1.2193754099199197,4.229234706340776
163,2019-10-01,3037.56005859375,1.690999984741211,1.4980000257492063,1511.0,1.7640429444214,1.83,21706.532,1137.93726465106,1.9185532727220789,-16.328547187297687,-26.206894243271762,5.841972541328104,0.8113241047362294,3.1667542595858578
164,2020-01-01,3225.52001953125,1.5199999809265137,1.5099999904632568,1584.2,2.48657195525045,1.55,21538.032,1203.18750487566,6.187859904390393,-10.11235986739922,0.8010657214807964,4.844473858371941,-0.776264029647848,5.734080625666849
165,2020-04-01,2912.429931640625,0.621999979019165,0.0900000035762786,1702.8,0.329096686336815,0.05,19636.731,1153.9854829058052,-9.706654616768589,-59.078948235247616,-94.03973482485472,7.486428481252361,-8.827644977034112,-4.0893062611167466
166,2020-07-01,3271.1201171875,0.5360000133514404,0.0829999968409538,1964.9,0.986081825303721,0.09,21362.428,1309.159779299423,12.315839143461147,-13.826361506207505,-7.777784952410599,15.39229504345785,8.788107348417611,13.446815292934147
167,2020-10-01,3269.9599609375,0.8600000143051147,0.0829999968409538,1881.9,1.18206616772747,0.09,21704.706,1288.2007402371614,-0.035466635538824676,60.44775986623648,0.0,-4.224133543691792,1.6022429660148987,-1.6009534812838098
168,2021-01-01,3714.239990234375,1.093000054359436,0.0480000004172325,1863.8,1.39976974156009,0.09,22313.85,1394.795247572288,13.586711599046609,27.093027462631696,-42.16867199499895,-0.9617939316648147,2.806506570510564,8.274681422361411
169,2021-04-01,4181.169921875,1.63100004196167,0.003000000026077,1767.7,4.15969483870212,0.07,23046.934,1487.625980479247,12.571345224549162,49.222320296912926,-93.75000000000007,-5.156132632256671,3.2853317558377597,6.655509693522092
170,2021-07-01,4395.259765625,1.2389999628067017,0.0399999991059303,1825.8,5.36547523938539,0.1,23550.42,1555.5846913967282,5.120333489197051,-24.03433899875894,1233.3332919412326,3.286756802624865,2.1846116277332044,4.568265935742005
171,2021-10-01,4605.3798828125,1.5570000410079956,0.0480000004172325,1773.6,6.2218689033289,0.08,24349.121,1595.1462207134814,4.7806074815152755,25.665866646269265,20.000003725290426,-2.859020703253364,3.3914511928025064,2.5431935358808175
172,2022-01-01,4515.5498046875,1.781999945640564,0.1729999929666519,1797.2,7.47987246828913,0.08,24740.48,1578.6762011565268,-1.950546543624995,14.450860546342966,260.4166488809927,1.3306269733874672,1.6072818398660047,-1.0325084523967831
173,2022-04-01,4131.93017578125,2.88700008392334,0.8080000281333923,1911.3,8.25862934088236,0.33,25248.476,1511.7312939733267,-8.495524255053553,62.00898832718923,367.0520583715546,6.34876474515913,2.0532988850660843,-4.2405723943996065
174,2022-07-01,4130.2900390625,2.6419999599456787,2.2980000972747803,1712.8,8.52481474562553,1.68,25723.941,1462.0075097799302,-0.03969420220030884,-8.486322024788933,184.40594273041341,-10.385601423115148,1.883143362791472,-3.289194606979791
